d_date_sk,d_date_id,d_year,d_moy
2474432,AAAAAAAAAMBMFCAA,2062,8
2468433,AAAAAAAABFKKFCAA,2046,3
2443013,AAAAAAAAFAHEFCAA,1976,8
2460664,AAAAAAAAIPLIFCAA,2024,12
2428468,AAAAAAAAEDOAFCAA,1936,10
2475640,AAAAAAAAIHGMFCAA,2065,12
2481661,AAAAAAAANPNNFCAA,2082,6
2429515,AAAAAAAALECBFCAA,1939,9
2476350,AAAAAAAAODJMFCAA,2067,11
2467548,AAAAAAAAMNGKFCAA,2043,10
2449437,AAAAAAAANBAGFCAA,1994,3
2463922,AAAAAAAACLIJFCAA,2033,11
2428603,AAAAAAAALLOAFCAA,1937,3
2450238,AAAAAAAAODDGFCAA,1996,6
2418602,AAAAAAAAKKHOECAA,1909,10
2439409,AAAAAAAABPIDFCAA,1966,10
2447054,AAAAAAAAOMGFFCAA,1987,9
2448302,AAAAAAAAOKLFFCAA,1991,2
2471576,AAAAAAAAIJGLFCAA,2054,11
2455884,AAAAAAAAMEJHFCAA,2011,11
2419151,AAAAAAAAPMJOECAA,1911,4
2438983,AAAAAAAAHEHDFCAA,1965,8
2463944,AAAAAAAAIMIJFCAA,2033,12
2427057,AAAAAAAABLIAFCAA,1932,12
2433759,AAAAAAAAPNCCFCAA,1951,4
2433585,AAAAAAAABDCCFCAA,1950,10
2451020,AAAAAAAAMEGGFCAA,1998,7
2467483,AAAAAAAALJGKFCAA,2043,8
2481467,AAAAAAAALDNNFCAA,2081,12
2426504,AAAAAAAAIIGAFCAA,1931,6
2426155,AAAAAAAALCFAFCAA,1930,6
2434994,AAAAAAAACLHCFCAA,1954,9
2434741,AAAAAAAAFLGCFCAA,1953,12
2428481,AAAAAAAABEOAFCAA,1936,11
2478529,AAAAAAAABMBNFCAA,2073,11
2428174,AAAAAAAAOANAFCAA,1936,1
2464555,AAAAAAAALCLJFCAA,2035,8
2425915,AAAAAAAALDEAFCAA,1929,10
2479984,AAAAAAAAAHHNFCAA,2077,11
2448934,AAAAAAAAGCOFFCAA,1992,11
2423075,AAAAAAAADCJPECAA,1922,1
2476170,AAAAAAAAKIIMFCAA,2067,6
2442366,AAAAAAAAOHEEFCAA,1974,11
2437445,AAAAAAAAFEBDFCAA,1961,5
2456959,AAAAAAAAPHNHFCAA,2014,10
2457071,AAAAAAAAPONHFCAA,2015,2
2485894,AAAAAAAAGIOOFCAA,2094,1
2442904,AAAAAAAAIJGEFCAA,1976,5
2468109,AAAAAAAANAJKFCAA,2045,5
2469509,AAAAAAAAFIOKFCAA,2049,3
2481469,AAAAAAAANDNNFCAA,2081,12
2415149,AAAAAAAANCKNECAA,1900,5
2470468,AAAAAAAAEECLFCAA,2051,10
2470037,AAAAAAAAFJALFCAA,2050,8
2448267,AAAAAAAALILFFCAA,1991,1
2438922,AAAAAAAAKAHDFCAA,1965,6
2421673,AAAAAAAAJKDPECAA,1918,3
2479328,AAAAAAAAAOENFCAA,2076,1
2435829,AAAAAAAAFPKCFCAA,1956,12
2421254,AAAAAAAAGACPECAA,1917,1
2426766,AAAAAAAAOIHAFCAA,1932,2
2458228,AAAAAAAAEHCIFCAA,2018,4
2478280,AAAAAAAAIMANFCAA,2073,3
2444973,AAAAAAAANKOEFCAA,1982,1
2472705,AAAAAAAABALLFCAA,2057,12
2443541,AAAAAAAAFBJEFCAA,1978,2
2453061,AAAAAAAAFEOGFCAA,2004,2
2446767,AAAAAAAAPKFFFCAA,1986,12
2488021,AAAAAAAAFNGPFCAA,2099,11
2429452,AAAAAAAAMACBFCAA,1939,7
2454329,AAAAAAAAJDDHFCAA,2007,8
2462422,AAAAAAAAGNCJFCAA,2029,10
2463963,AAAAAAAALNIJFCAA,2033,12
2422858,AAAAAAAAKEIPECAA,1921,6
2454099,AAAAAAAADFCHFCAA,2006,12
2456064,AAAAAAAAAAKHFCAA,2012,5
2447445,AAAAAAAAFFIFFCAA,1988,10
2429601,AAAAAAAABKCBFCAA,1939,12
2437247,AAAAAAAAPHADFCAA,1960,11
2464732,AAAAAAAAMNLJFCAA,2036,2
2432466,AAAAAAAACNNBFCAA,1947,10
2455962,AAAAAAAAKJJHFCAA,2012,2
2443223,AAAAAAAAHNHEFCAA,1977,3
2481618,AAAAAAAACNNNFCAA,2082,5
2416827,AAAAAAAALLAOECAA,1904,12
2469325,AAAAAAAANMNKFCAA,2048,9
2437176,AAAAAAAAIDADFCAA,1960,8
2468564,AAAAAAAAENKKFCAA,2046,8
2462663,AAAAAAAAHMDJFCAA,2030,6
2446601,AAAAAAAAJAFFFCAA,1986,6
2466462,AAAAAAAAOJCKFCAA,2040,11
2436967,AAAAAAAAHGPCFCAA,1960,2
2424667,AAAAAAAALFPPECAA,1926,5
2458389,AAAAAAAAFBDIFCAA,2018,9
2432274,AAAAAAAACBNBFCAA,1947,3
2429677,AAAAAAAANOCBFCAA,1940,2
2415136,AAAAAAAAACKNECAA,1900,4
2449726,AAAAAAAAODBGFCAA,1995,1
2484246,AAAAAAAAGBIOFCAA,2089,7
2482727,AAAAAAAAHCCOFCAA,2085,5
2463744,AAAAAAAAAAIJFCAA,2033,5
2460867,AAAAAAAADMMIFCAA,2025,7
2471621,AAAAAAAAFMGLFCAA,2054,12
2464421,AAAAAAAAFKKJFCAA,2035,4
2460488,AAAAAAAAIELIFCAA,2024,6
2434922,AAAAAAAAKGHCFCAA,1954,6
2487229,AAAAAAAANLDPFCAA,2097,9
2466787,AAAAAAAADODKFCAA,2041,9
2428564,AAAAAAAAEJOAFCAA,1937,1
2484459,AAAAAAAALOIOFCAA,2090,2
2483374,AAAAAAAAOKEOFCAA,2087,2
2469756,AAAAAAAAMHPKFCAA,2049,11
2448460,AAAAAAAAMEMFFCAA,1991,7
2420420,AAAAAAAAEMOOECAA,1914,10
2420450,AAAAAAAACOOOECAA,1914,11
2451665,AAAAAAAABNIGFCAA,2000,4
2431717,AAAAAAAAFOKBFCAA,1945,9
2470972,AAAAAAAAMDELFCAA,2053,3
2453372,AAAAAAAAMHPGFCAA,2005,1
2454757,AAAAAAAAFOEHFCAA,2008,10
2477877,AAAAAAAAFDPMFCAA,2072,2
2484154,AAAAAAAAKLHOFCAA,2089,4
2470344,AAAAAAAAIMBLFCAA,2051,6
2446355,AAAAAAAADBEFFCAA,1985,10
2464364,AAAAAAAAMGKJFCAA,2035,2
2446079,AAAAAAAAPPCFFCAA,1985,1
2438383,AAAAAAAAPOEDFCAA,1963,12
2457483,AAAAAAAALIPHFCAA,2016,4
2434900,AAAAAAAAEFHCFCAA,1954,6
2452070,AAAAAAAAGGKGFCAA,2001,6
2477067,AAAAAAAALAMMFCAA,2069,11
2434145,AAAAAAAABGECFCAA,1952,5
2436504,AAAAAAAAIJNCFCAA,1958,10
2456478,AAAAAAAAOJLHFCAA,2013,7
2432212,AAAAAAAAENMBFCAA,1947,1
2485190,AAAAAAAAGMLOFCAA,2092,2
2421916,AAAAAAAAMJEPECAA,1918,11
2475411,AAAAAAAADJFMFCAA,2065,5
2447407,AAAAAAAAPCIFFCAA,1988,9
2484101,AAAAAAAAFIHOFCAA,2089,2
2460176,AAAAAAAAABKIFCAA,2023,8
2415801,AAAAAAAAJLMNECAA,1902,2
2454479,AAAAAAAAPMDHFCAA,2008,1
2477103,AAAAAAAAPCMMFCAA,2069,12
2486037,AAAAAAAAFBPOFCAA,2094,6
2417031,AAAAAAAAHIBOECAA,1905,7
2426457,AAAAAAAAJFGAFCAA,1931,4
2435362,AAAAAAAACCJCFCAA,1955,9
2427125,AAAAAAAAFPIAFCAA,1933,2
2434624,AAAAAAAAAEGCFCAA,1953,9
2446493,AAAAAAAANJEFFCAA,1986,3
2448940,AAAAAAAAMCOFFCAA,1992,11
2447940,AAAAAAAAEEKFFCAA,1990,2
2430192,AAAAAAAAAPEBFCAA,1941,7
2426172,AAAAAAAAMDFAFCAA,1930,7
2475824,AAAAAAAAADHMFCAA,2066,6
2468119,AAAAAAAAHBJKFCAA,2045,5
2448030,AAAAAAAAOJKFFCAA,1990,5
2464531,AAAAAAAADBLJFCAA,2035,7
2483729,AAAAAAAABBGOFCAA,2088,2
2415506,AAAAAAAACJLNECAA,1901,5
2479095,AAAAAAAAHPDNFCAA,2075,6
2466035,AAAAAAAADPAKFCAA,2039,9
2469689,AAAAAAAAJDPKFCAA,2049,9
2441328,AAAAAAAAAHAEFCAA,1972,1
2456633,AAAAAAAAJDMHFCAA,2013,12
2462177,AAAAAAAABOBJFCAA,2029,2
2447389,AAAAAAAANBIFFCAA,1988,8
2441851,AAAAAAAALHCEFCAA,1973,6
2449754,AAAAAAAAKFBGFCAA,1995,2
2449624,AAAAAAAAINAGFCAA,1994,9
2448636,AAAAAAAAMPMFFCAA,1992,1
2458118,AAAAAAAAGACIFCAA,2017,12
2427009,AAAAAAAABIIAFCAA,1932,10
2425013,AAAAAAAAFLAAFCAA,1927,5
2447022,AAAAAAAAOKGFFCAA,1987,8
2421779,AAAAAAAADBEPECAA,1918,7
2424191,AAAAAAAAPHNPECAA,1925,2
2446146,AAAAAAAACEDFFCAA,1985,3
2482986,AAAAAAAAKCDOFCAA,2086,1
2464598,AAAAAAAAGFLJFCAA,2035,9
2458057,AAAAAAAAJMBIFCAA,2017,10
2446021,AAAAAAAAFMCFFCAA,1984,11
2466800,AAAAAAAAAPDKFCAA,2041,10
2451134,AAAAAAAAOLGGFCAA,1998,11
2436568,AAAAAAAAINNCFCAA,1958,12
2460988,AAAAAAAAMDNIFCAA,2025,11
2419471,AAAAAAAAPALOECAA,1912,3
2470601,AAAAAAAAJMCLFCAA,2052,3
2483455,AAAAAAAAPPEOFCAA,2087,5
2467383,AAAAAAAAHDGKFCAA,2043,5
2469057,AAAAAAAABMMKFCAA,2047,12
2453859,AAAAAAAADGBHFCAA,2006,5
2454962,AAAAAAAACLFHFCAA,2009,5
2436692,AAAAAAAAEFOCFCAA,1959,5
2465391,AAAAAAAAPGOJFCAA,2037,11
2460495,AAAAAAAAPELIFCAA,2024,7
2481376,AAAAAAAAAOMNFCAA,2081,9
2445513,AAAAAAAAJMAFFCAA,1983,6
2479084,AAAAAAAAMODNFCAA,2075,5
2466626,AAAAAAAACEDKFCAA,2041,4
2479688,AAAAAAAAIEGNFCAA,2077,1
2416235,AAAAAAAALGONECAA,1903,4
2438516,AAAAAAAAEHFDFCAA,1964,4
2432458,AAAAAAAAKMNBFCAA,1947,9
2421670,AAAAAAAAGKDPECAA,1918,3
2432910,AAAAAAAAOIPBFCAA,1948,12
2444408,AAAAAAAAIHMEFCAA,1980,6
2462044,AAAAAAAAMFBJFCAA,2028,9
2427569,AAAAAAAABLKAFCAA,1934,5
2442245,AAAAAAAAFAEEFCAA,1974,7
2440758,AAAAAAAAGDODFCAA,1970,6
2415853,AAAAAAAANOMNECAA,1902,4
2472849,AAAAAAAABJLLFCAA,2058,4
2469635,AAAAAAAADAPKFCAA,2049,7
2459646,AAAAAAAAOPHIFCAA,2022,3
2444616,AAAAAAAAIENEFCAA,1981,1
2430540,AAAAAAAAMEGBFCAA,1942,6
2455906,AAAAAAAACGJHFCAA,2011,12
2472842,AAAAAAAAKILLFCAA,2058,4
2486342,AAAAAAAAGEAPFCAA,2095,4
2485150,AAAAAAAAOJLOFCAA,2092,1
2484883,AAAAAAAADJKOFCAA,2091,4
2486301,AAAAAAAANBAPFCAA,2095,2
2419626,AAAAAAAAKKLOECAA,1912,8
2435660,AAAAAAAAMEKCFCAA,1956,7
2479514,AAAAAAAAKJFNFCAA,2076,7
2444863,AAAAAAAAPDOEFCAA,1981,9
2467895,AAAAAAAAHDIKFCAA,2044,10
2438821,AAAAAAAAFKGDFCAA,1965,3
2445400,AAAAAAAAIFAFFCAA,1983,3
2459053,AAAAAAAANKFIFCAA,2020,7
2446117,AAAAAAAAFCDFFCAA,1985,2
2423372,AAAAAAAAMEKPECAA,1922,11
2487149,AAAAAAAANGDPFCAA,2097,6
2484901,AAAAAAAAFKKOFCAA,2091,4
2457580,AAAAAAAAMOPHFCAA,2016,7
2451032,AAAAAAAAIFGGFCAA,1998,8
2424757,AAAAAAAAFLPPECAA,1926,8
2478138,AAAAAAAAKDANFCAA,2072,10
2438551,AAAAAAAAHJFDFCAA,1964,6
2471306,AAAAAAAAKIFLFCAA,2054,2
2472686,AAAAAAAAOOKLFCAA,2057,11
2436614,AAAAAAAAGAOCFCAA,1959,2
2447097,AAAAAAAAJPGFFCAA,1987,10
2434781,AAAAAAAANNGCFCAA,1954,2
2458962,AAAAAAAACFFIFCAA,2020,4
2440439,AAAAAAAAHPMDFCAA,1969,8
2458342,AAAAAAAAGOCIFCAA,2018,8
2454611,AAAAAAAADFEHFCAA,2008,5
2437389,AAAAAAAANABDFCAA,1961,3
2478741,AAAAAAAAFJCNFCAA,2074,6
2482046,AAAAAAAAOHPNFCAA,2083,7
2477086,AAAAAAAAOBMMFCAA,2069,12
2425947,AAAAAAAALFEAFCAA,1929,12
2439371,AAAAAAAALMIDFCAA,1966,9
2436149,AAAAAAAAFDMCFCAA,1957,11
2479307,AAAAAAAALMENFCAA,2076,1
2437978,AAAAAAAAKFDDFCAA,1962,11
2429659,AAAAAAAALNCBFCAA,1940,1
2437238,AAAAAAAAGHADFCAA,1960,10
2419585,AAAAAAAABILOECAA,1912,7
2463822,AAAAAAAAOEIJFCAA,2033,8
2485278,AAAAAAAAOBMOFCAA,2092,5
2440938,AAAAAAAAKOODFCAA,1970,12
2470603,AAAAAAAALMCLFCAA,2052,3
2467648,AAAAAAAAAEHKFCAA,2044,2
2473848,AAAAAAAAIHPLFCAA,2061,1
2431818,AAAAAAAAKELBFCAA,1945,12
2445149,AAAAAAAANFPEFCAA,1982,6
2428738,AAAAAAAACEPAFCAA,1937,7
2468451,AAAAAAAADGKKFCAA,2046,4
2416025,AAAAAAAAJJNNECAA,1902,10
2468587,AAAAAAAALOKKFCAA,2046,8
2458787,AAAAAAAADKEIFCAA,2019,10
2462676,AAAAAAAAENDJFCAA,2030,6
2419794,AAAAAAAACFMOECAA,1913,1
2459194,AAAAAAAAKDGIFCAA,2020,12
2450035,AAAAAAAADHCGFCAA,1995,11
2472830,AAAAAAAAOHLLFCAA,2058,4
2459820,AAAAAAAAMKIIFCAA,2022,8
2428570,AAAAAAAAKJOAFCAA,1937,2
2465999,AAAAAAAAPMAKFCAA,2039,7
2484956,AAAAAAAAMNKOFCAA,2091,6
2469143,AAAAAAAAHBNKFCAA,2048,3
2468318,AAAAAAAAONJKFCAA,2045,12
2448729,AAAAAAAAJFNFFCAA,1992,4
2424123,AAAAAAAALDNPECAA,1924,12
2468880,AAAAAAAAABMKFCAA,2047,6
2426912,AAAAAAAAACIAFCAA,1932,7
2421707,AAAAAAAALMDPECAA,1918,4
2420168,AAAAAAAAIMNOECAA,1914,2
2465077,AAAAAAAAFDNJFCAA,2037,1
2433971,AAAAAAAADLDCFCAA,1951,11
2445403,AAAAAAAALFAFFCAA,1983,3
2455835,AAAAAAAALBJHFCAA,2011,9
2449273,AAAAAAAAJHPFFCAA,1993,10
2434787,AAAAAAAADOGCFCAA,1954,2
2422150,AAAAAAAAGIFPECAA,1919,7
2425757,AAAAAAAANJDAFCAA,1929,5
2431122,AAAAAAAACJIBFCAA,1944,2
2445272,AAAAAAAAINPEFCAA,1982,10
2425835,AAAAAAAALODAFCAA,1929,8
2476713,AAAAAAAAJKKMFCAA,2068,11
2421964,AAAAAAAAMMEPECAA,1919,1
2480590,AAAAAAAAOMJNFCAA,2079,7
2465287,AAAAAAAAHAOJFCAA,2037,8
2452193,AAAAAAAABOKGFCAA,2001,10
2423237,AAAAAAAAFMJPECAA,1922,7
2457932,AAAAAAAAMEBIFCAA,2017,6
2479246,AAAAAAAAOIENFCAA,2075,11
2487248,AAAAAAAAANDPFCAA,2097,10
2452737,AAAAAAAABANGFCAA,2003,4
2449934,AAAAAAAAOACGFCAA,1995,8
2450026,AAAAAAAAKGCGFCAA,1995,11
2472743,AAAAAAAAHCLLFCAA,2058,1
2440591,AAAAAAAAPINDFCAA,1970,1
2487469,AAAAAAAANKEPFCAA,2098,5
2421293,AAAAAAAANCCPECAA,1917,3
2436745,AAAAAAAAJIOCFCAA,1959,6
2424542,AAAAAAAAONOPECAA,1926,1
2431209,AAAAAAAAJOIBFCAA,1944,4
2418783,AAAAAAAAPFIOECAA,1910,4
2475874,AAAAAAAACGHMFCAA,2066,8
2473063,AAAAAAAAHGMLFCAA,2058,11
2478770,AAAAAAAACLCNFCAA,2074,7
2432543,AAAAAAAAPBOBFCAA,1947,12
2425693,AAAAAAAANFDAFCAA,1929,3
2446150,AAAAAAAAGEDFFCAA,1985,3
2442602,AAAAAAAAKGFEFCAA,1975,7
2436842,AAAAAAAAKOOCFCAA,1959,9
2484999,AAAAAAAAHALOFCAA,2091,8
2420417,AAAAAAAABMOOECAA,1914,10
2456740,AAAAAAAAEKMHFCAA,2014,3
2463391,AAAAAAAAPJGJFCAA,2032,6
2484434,AAAAAAAACNIOFCAA,2090,1
2426889,AAAAAAAAJAIAFCAA,1932,6
2419088,AAAAAAAAAJJOECAA,1911,2
2467898,AAAAAAAAKDIKFCAA,2044,10
2432839,AAAAAAAAHEPBFCAA,1948,10
2466619,AAAAAAAALDDKFCAA,2041,4
2436148,AAAAAAAAEDMCFCAA,1957,11
2475081,AAAAAAAAJEEMFCAA,2064,6
2430004,AAAAAAAAEDEBFCAA,1941,1
2483010,AAAAAAAACEDOFCAA,2086,2
2433255,AAAAAAAAHOACFCAA,1949,12
2428681,AAAAAAAAJAPAFCAA,1937,5
2476013,AAAAAAAANOHMFCAA,2066,12
2430828,AAAAAAAAMGHBFCAA,1943,4
2483885,AAAAAAAANKGOFCAA,2088,7
2481452,AAAAAAAAMCNNFCAA,2081,11
2422740,AAAAAAAAENHPECAA,1921,2
2417012,AAAAAAAAEHBOECAA,1905,6
2439883,AAAAAAAALMKDFCAA,1968,1
2457828,AAAAAAAAEOAIFCAA,2017,3
2462744,AAAAAAAAIBEJFCAA,2030,8
2477040,AAAAAAAAAPLMFCAA,2069,10
2417752,AAAAAAAAIFEOECAA,1907,6
2469123,AAAAAAAADANKFCAA,2048,2
2453278,AAAAAAAAOBPGFCAA,2004,9
2463842,AAAAAAAACGIJFCAA,2033,9
2482201,AAAAAAAAJBAOFCAA,2083,12
2421031,AAAAAAAAHCBPECAA,1916,6
2455379,AAAAAAAADFHHFCAA,2010,7
2427161,AAAAAAAAJBJAFCAA,1933,3
2455443,AAAAAAAADJHHFCAA,2010,9
2479528,AAAAAAAAIKFNFCAA,2076,8
2427278,AAAAAAAAOIJAFCAA,1933,7
2427554,AAAAAAAACKKAFCAA,1934,4
2486674,AAAAAAAACJBPFCAA,2096,3
2479793,AAAAAAAABLGNFCAA,2077,5
2439976,AAAAAAAAICLDFCAA,1968,4
2471001,AAAAAAAAJFELFCAA,2053,4
2483871,AAAAAAAAPJGOFCAA,2088,7
2465869,AAAAAAAANEAKFCAA,2039,3
2425003,AAAAAAAALKAAFCAA,1927,5
2481531,AAAAAAAALHNNFCAA,2082,2
2474181,AAAAAAAAFMAMFCAA,2061,12
2434718,AAAAAAAAOJGCFCAA,1953,12
2442932,AAAAAAAAELGEFCAA,1976,6
2435229,AAAAAAAANJICFCAA,1955,5
2486873,AAAAAAAAJFCPFCAA,2096,9
2433014,AAAAAAAAGPPBFCAA,1949,4
2487627,AAAAAAAALEFPFCAA,2098,10
2423844,AAAAAAAAECMPECAA,1924,2
2445904,AAAAAAAAAFCFFCAA,1984,7
2479959,AAAAAAAAHFHNFCAA,2077,10
2475781,AAAAAAAAFAHMFCAA,2066,5
2439341,AAAAAAAANKIDFCAA,1966,8
2453379,AAAAAAAADIPGFCAA,2005,1
2460130,AAAAAAAACOJIFCAA,2023,7
2436443,AAAAAAAALFNCFCAA,1958,8
2486365,AAAAAAAANFAPFCAA,2095,5
2477941,AAAAAAAAFHPMFCAA,2072,4
2417708,AAAAAAAAMCEOECAA,1907,5
2466568,AAAAAAAAIADKFCAA,2041,2
2452949,AAAAAAAAFNNGFCAA,2003,11
2462493,AAAAAAAANBDJFCAA,2029,12
2449172,AAAAAAAAEBPFFCAA,1993,7
2470677,AAAAAAAAFBDLFCAA,2052,5
2470371,AAAAAAAADOBLFCAA,2051,7
2469435,AAAAAAAALDOKFCAA,2048,12
2416967,AAAAAAAAHEBOECAA,1905,5
2457881,AAAAAAAAJBBIFCAA,2017,5
2431257,AAAAAAAAJBJBFCAA,1944,6
2452615,AAAAAAAAHIMGFCAA,2002,12
2449608,AAAAAAAAIMAGFCAA,1994,9
2427373,AAAAAAAANOJAFCAA,1933,10
2478826,AAAAAAAAKOCNFCAA,2074,9
2427846,AAAAAAAAGMLAFCAA,1935,2
2433415,AAAAAAAAHIBCFCAA,1950,5
2418904,AAAAAAAAINIOECAA,1910,8
2481778,AAAAAAAACHONFCAA,2082,10
2468077,AAAAAAAANOIKFCAA,2045,4
2470554,AAAAAAAAKJCLFCAA,2052,1
2461105,AAAAAAAABLNIFCAA,2026,3
2457208,AAAAAAAAIHOHFCAA,2015,7
2461897,AAAAAAAAJMAJFCAA,2028,5
2456346,AAAAAAAAKBLHFCAA,2013,2
2470391,AAAAAAAAHPBLFCAA,2051,8
2484356,AAAAAAAAEIIOFCAA,2089,10
2441075,AAAAAAAADHPDFCAA,1971,5
2457777,AAAAAAAABLAIFCAA,2017,1
2430132,AAAAAAAAELEBFCAA,1941,5
2427379,AAAAAAAADPJAFCAA,1933,11
2462379,AAAAAAAALKCJFCAA,2029,8
2461748,AAAAAAAAEDAJFCAA,2027,12
2448529,AAAAAAAABJMFFCAA,1991,9
2436395,AAAAAAAALCNCFCAA,1958,7
2438293,AAAAAAAAFJEDFCAA,1963,9
2482343,AAAAAAAAHKAOFCAA,2084,4
2476537,AAAAAAAAJPJMFCAA,2068,6
2461579,AAAAAAAALIPIFCAA,2027,6
2458572,AAAAAAAAMMDIFCAA,2019,3
2418159,AAAAAAAAPOFOECAA,1908,8
2434021,AAAAAAAAFODCFCAA,1952,1
2420601,AAAAAAAAJHPOECAA,1915,4
2426190,AAAAAAAAOEFAFCAA,1930,8
2469974,AAAAAAAAGFALFCAA,2050,6
2423011,AAAAAAAADOIPECAA,1921,11
2475135,AAAAAAAAPHEMFCAA,2064,8
2458051,AAAAAAAADMBIFCAA,2017,10
2454504,AAAAAAAAIODHFCAA,2008,2
2440735,AAAAAAAAPBODFCAA,1970,5
2436833,AAAAAAAABOOCFCAA,1959,9
2436354,AAAAAAAACANCFCAA,1958,5
2423777,AAAAAAAABOLPECAA,1923,12
2432404,AAAAAAAAEJNBFCAA,1947,8
2483601,AAAAAAAABJFOFCAA,2087,10
2431702,AAAAAAAAGNKBFCAA,1945,9
2440719,AAAAAAAAPAODFCAA,1970,5
2446873,AAAAAAAAJBGFFCAA,1987,3
2462645,AAAAAAAAFLDJFCAA,2030,5
2422122,AAAAAAAAKGFPECAA,1919,6
2464302,AAAAAAAAOCKJFCAA,2034,12
2462978,AAAAAAAACAFJFCAA,2031,4
2441472,AAAAAAAAAABEFCAA,1972,6
2480863,AAAAAAAAPNKNFCAA,2080,4
2415842,AAAAAAAACOMNECAA,1902,4
2417798,AAAAAAAAGIEOECAA,1907,8
2474988,AAAAAAAAMODMFCAA,2064,3
2473239,AAAAAAAAHBNLFCAA,2059,5
2487590,AAAAAAAAGCFPFCAA,2098,9
2462192,AAAAAAAAAPBJFCAA,2029,2
2465233,AAAAAAAABNNJFCAA,2037,6
2455519,AAAAAAAAPNHHFCAA,2010,11
2440563,AAAAAAAADHNDFCAA,1969,12
2421501,AAAAAAAANPCPECAA,1917,9
2419801,AAAAAAAAJFMOECAA,1913,2
2455328,AAAAAAAAACHHFCAA,2010,5
2433627,AAAAAAAALFCCFCAA,1950,12
2469583,AAAAAAAAPMOKFCAA,2049,5
2457206,AAAAAAAAGHOHFCAA,2015,7
2415468,AAAAAAAAMGLNECAA,1901,3
2442395,AAAAAAAALJEEFCAA,1974,12
2418357,AAAAAAAAFLGOECAA,1909,2
2476727,AAAAAAAAHLKMFCAA,2068,12
2469529,AAAAAAAAJJOKFCAA,2049,3
2448470,AAAAAAAAGFMFFCAA,1991,8
2420221,AAAAAAAANPNOECAA,1914,3
2472034,AAAAAAAACGILFCAA,2056,2
2471275,AAAAAAAALGFLFCAA,2054,1
2427602,AAAAAAAACNKAFCAA,1934,6
2472798,AAAAAAAAOFLLFCAA,2058,3
2438746,AAAAAAAAKFGDFCAA,1964,12
2470092,AAAAAAAAMMALFCAA,2050,10
2437808,AAAAAAAAALCDFCAA,1962,5
2462711,AAAAAAAAHPDJFCAA,2030,7
2487620,AAAAAAAAEEFPFCAA,2098,10
2422405,AAAAAAAAFIGPECAA,1920,3
2475908,AAAAAAAAEIHMFCAA,2066,9
2463434,AAAAAAAAKMGJFCAA,2032,7
2439653,AAAAAAAAFOJDFCAA,1967,6
2427289,AAAAAAAAJJJAFCAA,1933,8
2447185,AAAAAAAABFHFFCAA,1988,1
2429814,AAAAAAAAGHDBFCAA,1940,7
2483663,AAAAAAAAPMFOFCAA,2087,12
2438166,AAAAAAAAGBEDFCAA,1963,5
2455641,AAAAAAAAJFIHFCAA,2011,3
2469056,AAAAAAAAAMMKFCAA,2047,12
2444256,AAAAAAAAAOLEFCAA,1980,1
2455446,AAAAAAAAGJHHFCAA,2010,9
2429305,AAAAAAAAJHBBFCAA,1939,2
2427980,AAAAAAAAMEMAFCAA,1935,6
2486947,AAAAAAAADKCPFCAA,2096,12
2478980,AAAAAAAAEIDNFCAA,2075,2
2483561,AAAAAAAAJGFOFCAA,2087,8
2439584,AAAAAAAAAKJDFCAA,1967,4
2424840,AAAAAAAAIAAAFCAA,1926,11
2483546,AAAAAAAAKFFOFCAA,2087,8
2433574,AAAAAAAAGCCCFCAA,1950,10
2450285,AAAAAAAANGDGFCAA,1996,7
2445922,AAAAAAAACGCFFCAA,1984,8
2483174,AAAAAAAAGODOFCAA,2086,8
2422508,AAAAAAAAMOGPECAA,1920,7
2466887,AAAAAAAAHEEKFCAA,2042,1
2425214,AAAAAAAAOHBAFCAA,1927,11
2451614,AAAAAAAAOJIGFCAA,2000,3
2478124,AAAAAAAAMCANFCAA,2072,10
2475829,AAAAAAAAFDHMFCAA,2066,6
2484584,AAAAAAAAIGJOFCAA,2090,6
2468371,AAAAAAAADBKKFCAA,2046,1
2440049,AAAAAAAABHLDFCAA,1968,7
2449584,AAAAAAAAALAGFCAA,1994,8
2454614,AAAAAAAAGFEHFCAA,2008,5
2429989,AAAAAAAAFCEBFCAA,1940,12
2457249,AAAAAAAABKOHFCAA,2015,8
2450573,AAAAAAAANIEGFCAA,1997,5
2445462,AAAAAAAAGJAFFCAA,1983,5
2437366,AAAAAAAAGPADFCAA,1961,3
2457582,AAAAAAAAOOPHFCAA,2016,7
2441978,AAAAAAAAKPCEFCAA,1973,10
2462214,AAAAAAAAGACJFCAA,2029,3
2454664,AAAAAAAAIIEHFCAA,2008,7
2466439,AAAAAAAAHICKFCAA,2040,10
2485910,AAAAAAAAGJOOFCAA,2094,2
2445883,AAAAAAAALDCFFCAA,1984,7
2452106,AAAAAAAAKIKGFCAA,2001,7
2432709,AAAAAAAAFMOBFCAA,1948,6
2421315,AAAAAAAADECPECAA,1917,3
2465523,AAAAAAAADPOJFCAA,2038,4
2480315,AAAAAAAALLINFCAA,2078,10
2477850,AAAAAAAAKBPMFCAA,2072,1
2477577,AAAAAAAAJAOMFCAA,2071,4
2445577,AAAAAAAAJABFFCAA,1983,8
2456952,AAAAAAAAIHNHFCAA,2014,10
2429781,AAAAAAAAFFDBFCAA,1940,5
2445262,AAAAAAAAOMPEFCAA,1982,10
2464426,AAAAAAAAKKKJFCAA,2035,4
2451208,AAAAAAAAIAHGFCAA,1999,1
2449719,AAAAAAAAHDBGFCAA,1995,1
2436394,AAAAAAAAKCNCFCAA,1958,7
2478489,AAAAAAAAJJBNFCAA,2073,10
2436991,AAAAAAAAPHPCFCAA,1960,2
2482752,AAAAAAAAAECOFCAA,2085,6
2481761,AAAAAAAABGONFCAA,2082,9
2435171,AAAAAAAADGICFCAA,1955,3
2417713,AAAAAAAABDEOECAA,1907,5
2419241,AAAAAAAAJCKOECAA,1911,7
2486881,AAAAAAAABGCPFCAA,2096,9
2480832,AAAAAAAAAMKNFCAA,2080,3
2481787,AAAAAAAALHONFCAA,2082,10
2437417,AAAAAAAAJCBDFCAA,1961,4
2442647,AAAAAAAAHJFEFCAA,1975,8
2438042,AAAAAAAAKJDDFCAA,1963,1
2456191,AAAAAAAAPHKHFCAA,2012,9
2437117,AAAAAAAANPPCFCAA,1960,7
2462376,AAAAAAAAIKCJFCAA,2029,8
2417902,AAAAAAAAOOEOECAA,1907,11
2424661,AAAAAAAAFFPPECAA,1926,5
2473271,AAAAAAAAHDNLFCAA,2059,6
2417660,AAAAAAAAMPDOECAA,1907,3
2471475,AAAAAAAADDGLFCAA,2054,7
2416252,AAAAAAAAMHONECAA,1903,5
2430960,AAAAAAAAAPHBFCAA,1943,8
2484743,AAAAAAAAHAKOFCAA,2090,11
2477316,AAAAAAAAEANMFCAA,2070,7
2469937,AAAAAAAABDALFCAA,2050,5
2484740,AAAAAAAAEAKOFCAA,2090,11
2439556,AAAAAAAAEIJDFCAA,1967,3
2441458,AAAAAAAACPAEFCAA,1972,5
2480063,AAAAAAAAPLHNFCAA,2078,1
2451963,AAAAAAAALPJGFCAA,2001,2
2485663,AAAAAAAAPJNOFCAA,2093,5
2422017,AAAAAAAABAFPECAA,1919,2
2421356,AAAAAAAAMGCPECAA,1917,5
2480296,AAAAAAAAIKINFCAA,2078,9
2468979,AAAAAAAADHMKFCAA,2047,9
2439823,AAAAAAAAPIKDFCAA,1967,11
2468862,AAAAAAAAOPLKFCAA,2047,5
2432803,AAAAAAAADCPBFCAA,1948,9
2424415,AAAAAAAAPFOPECAA,1925,9
2432677,AAAAAAAAFKOBFCAA,1948,5
2459605,AAAAAAAAFNHIFCAA,2022,1
2460808,AAAAAAAAIIMIFCAA,2025,5
2429342,AAAAAAAAOJBBFCAA,1939,3
2483027,AAAAAAAADFDOFCAA,2086,3
2438888,AAAAAAAAIOGDFCAA,1965,5
2444210,AAAAAAAACLLEFCAA,1979,12
2476716,AAAAAAAAMKKMFCAA,2068,11
2456148,AAAAAAAAEFKHFCAA,2012,8
2442733,AAAAAAAANOFEFCAA,1975,11
2467539,AAAAAAAADNGKFCAA,2043,10
2473695,AAAAAAAAPNOLFCAA,2060,8
2437514,AAAAAAAAKIBDFCAA,1961,8
2469887,AAAAAAAAPPPKFCAA,2050,3
2484365,AAAAAAAANIIOFCAA,2089,11
2445424,AAAAAAAAAHAFFCAA,1983,3
2424601,AAAAAAAAJBPPECAA,1926,3
2468832,AAAAAAAAAOLKFCAA,2047,5
2462578,AAAAAAAACHDJFCAA,2030,3
2447446,AAAAAAAAGFIFFCAA,1988,10
2435571,AAAAAAAADPJCFCAA,1956,4
2486871,AAAAAAAAHFCPFCAA,2096,9
2416300,AAAAAAAAMKONECAA,1903,7
2457408,AAAAAAAAAEPHFCAA,2016,1
2465000,AAAAAAAAIOMJFCAA,2036,11
2455583,AAAAAAAAPBIHFCAA,2011,1
2476862,AAAAAAAAODLMFCAA,2069,4
2486137,AAAAAAAAJHPOFCAA,2094,9
2481616,AAAAAAAAANNNFCAA,2082,5
2455832,AAAAAAAAIBJHFCAA,2011,9
2459015,AAAAAAAAHIFIFCAA,2020,6
2446033,AAAAAAAABNCFFCAA,1984,11
2444347,AAAAAAAALDMEFCAA,1980,4
2443608,AAAAAAAAIFJEFCAA,1978,4
2420284,AAAAAAAAMDOOECAA,1914,5
2417234,AAAAAAAACFCOECAA,1906,1
2431666,AAAAAAAACLKBFCAA,1945,7
2431068,AAAAAAAAMFIBFCAA,1943,12
2478896,AAAAAAAAADDNFCAA,2074,11
2446250,AAAAAAAAKKDFFCAA,1985,7
2419667,AAAAAAAADNLOECAA,1912,9
2455220,AAAAAAAAELGHFCAA,2010,1
2483613,AAAAAAAANJFOFCAA,2087,10
2472996,AAAAAAAAECMLFCAA,2058,9
2464121,AAAAAAAAJHJJFCAA,2034,6
2484256,AAAAAAAAACIOFCAA,2089,7
2485802,AAAAAAAAKCOOFCAA,2093,10
2484265,AAAAAAAAJCIOFCAA,2089,8
2482422,AAAAAAAAGPAOFCAA,2084,7
2463876,AAAAAAAAEIIJFCAA,2033,10
2458866,AAAAAAAACPEIFCAA,2020,1
2423328,AAAAAAAAACKPECAA,1922,9
2479850,AAAAAAAAKOGNFCAA,2077,6
2440517,AAAAAAAAFENDFCAA,1969,10
2457710,AAAAAAAAOGAIFCAA,2016,11
2432836,AAAAAAAAEEPBFCAA,1948,10
2483838,AAAAAAAAOHGOFCAA,2088,5
2447438,AAAAAAAAOEIFFCAA,1988,10
2430201,AAAAAAAAJPEBFCAA,1941,7
2474748,AAAAAAAAMPCMFCAA,2063,7
2444251,AAAAAAAALNLEFCAA,1980,1
2487060,AAAAAAAAEBDPFCAA,2097,3
2419109,AAAAAAAAFKJOECAA,1911,3
2455636,AAAAAAAAEFIHFCAA,2011,3
2437144,AAAAAAAAIBADFCAA,1960,7
2449379,AAAAAAAADOPFFCAA,1994,1
2436501,AAAAAAAAFJNCFCAA,1958,10
2456355,AAAAAAAADCLHFCAA,2013,3
2467302,AAAAAAAAGOFKFCAA,2043,2
2474731,AAAAAAAALOCMFCAA,2063,6
2443894,AAAAAAAAGHKEFCAA,1979,1
2456039,AAAAAAAAHOJHFCAA,2012,4
2484770,AAAAAAAACCKOFCAA,2090,12
2453909,AAAAAAAAFJBHFCAA,2006,6
2415795,AAAAAAAADLMNECAA,1902,2
2434824,AAAAAAAAIAHCFCAA,1954,3
2465330,AAAAAAAACDOJFCAA,2037,9
2446716,AAAAAAAAMHFFFCAA,1986,10
2463099,AAAAAAAALHFJFCAA,2031,8
2484868,AAAAAAAAEIKOFCAA,2091,3
2453978,AAAAAAAAKNBHFCAA,2006,8
2454768,AAAAAAAAAPEHFCAA,2008,10
2465795,AAAAAAAADAAKFCAA,2039,1
2437954,AAAAAAAACEDDFCAA,1962,10
2429878,AAAAAAAAGLDBFCAA,1940,9
2425154,AAAAAAAACEBAFCAA,1927,9
2437572,AAAAAAAAEMBDFCAA,1961,9
2487554,AAAAAAAACAFPFCAA,2098,8
2452795,AAAAAAAALDNGFCAA,2003,6
2451079,AAAAAAAAHIGGFCAA,1998,9
2423725,AAAAAAAANKLPECAA,1923,11
2471535,AAAAAAAAPGGLFCAA,2054,9
2449441,AAAAAAAABCAGFCAA,1994,3
2465963,AAAAAAAALKAKFCAA,2039,6
2434752,AAAAAAAAAMGCFCAA,1954,1
2415723,AAAAAAAALGMNECAA,1901,12
2461912,AAAAAAAAINAJFCAA,2028,5
2439804,AAAAAAAAMHKDFCAA,1967,11
2443878,AAAAAAAAGGKEFCAA,1979,1
2438470,AAAAAAAAGEFDFCAA,1964,3
2474285,AAAAAAAANCBMFCAA,2062,4
2418053,AAAAAAAAFIFOECAA,1908,4
2481334,AAAAAAAAGLMNFCAA,2081,7
2440104,AAAAAAAAIKLDFCAA,1968,9
2480431,AAAAAAAAPCJNFCAA,2079,2
2428631,AAAAAAAAHNOAFCAA,1937,4
2432334,AAAAAAAAOENBFCAA,1947,5
2447027,AAAAAAAADLGFFCAA,1987,8
2441190,AAAAAAAAGOPDFCAA,1971,8
2448285,AAAAAAAANJLFFCAA,1991,1
2435714,AAAAAAAACIKCFCAA,1956,8
2473808,AAAAAAAAAFPLFCAA,2060,12
2452419,AAAAAAAADMLGFCAA,2002,5
2472041,AAAAAAAAJGILFCAA,2056,2
2484484,AAAAAAAAEAJOFCAA,2090,3
2434240,AAAAAAAAAMECFCAA,1952,8
2421004,AAAAAAAAMABPECAA,1916,5
2454662,AAAAAAAAGIEHFCAA,2008,7
2445811,AAAAAAAADPBFFCAA,1984,4
2457396,AAAAAAAAEDPHFCAA,2016,1
2472241,AAAAAAAABDJLFCAA,2056,8
2422614,AAAAAAAAGFHPECAA,1920,10
2456382,AAAAAAAAODLHFCAA,2013,3
2466183,AAAAAAAAHIBKFCAA,2040,1
2470515,AAAAAAAADHCLFCAA,2051,12
2451627,AAAAAAAALKIGFCAA,2000,3
2440869,AAAAAAAAFKODFCAA,1970,10
2422365,AAAAAAAANFGPECAA,1920,2
2450126,AAAAAAAAOMCGFCAA,1996,2
2418855,AAAAAAAAHKIOECAA,1910,7
2441073,AAAAAAAABHPDFCAA,1971,5
2421600,AAAAAAAAAGDPECAA,1918,1
2431044,AAAAAAAAEEIBFCAA,1943,11
2450448,AAAAAAAAABEGFCAA,1996,12
2433868,AAAAAAAAMEDCFCAA,1951,8
2422864,AAAAAAAAAFIPECAA,1921,6
2416540,AAAAAAAAMJPNECAA,1904,2
2482449,AAAAAAAABBBOFCAA,2084,8
2445398,AAAAAAAAGFAFFCAA,1983,3
2451939,AAAAAAAADOJGFCAA,2001,1
2472266,AAAAAAAAKEJLFCAA,2056,9
2447010,AAAAAAAACKGFFCAA,1987,8
2440828,AAAAAAAAMHODFCAA,1970,8
2436066,AAAAAAAACOLCFCAA,1957,8
2466208,AAAAAAAAAKBKFCAA,2040,2
2423579,AAAAAAAALBLPECAA,1923,6
2468437,AAAAAAAAFFKKFCAA,2046,4
2445391,AAAAAAAAPEAFFCAA,1983,2
2423730,AAAAAAAACLLPECAA,1923,11
2449987,AAAAAAAADECGFCAA,1995,9
2437996,AAAAAAAAMGDDFCAA,1962,11
2459267,AAAAAAAADIGIFCAA,2021,2
2440088,AAAAAAAAIJLDFCAA,1968,8
2487836,AAAAAAAAMBGPFCAA,2099,5
2435259,AAAAAAAALLICFCAA,1955,5
2423183,AAAAAAAAPIJPECAA,1922,5
2461877,AAAAAAAAFLAJFCAA,2028,4
2477888,AAAAAAAAAEPMFCAA,2072,2
2470693,AAAAAAAAFCDLFCAA,2052,6
2472703,AAAAAAAAPPKLFCAA,2057,12
2455040,AAAAAAAAAAGHFCAA,2009,7
2451666,AAAAAAAACNIGFCAA,2000,5
2478004,AAAAAAAAELPMFCAA,2072,6
2486717,AAAAAAAANLBPFCAA,2096,4
2450174,AAAAAAAAOPCGFCAA,1996,3
2449932,AAAAAAAAMACGFCAA,1995,8
2433645,AAAAAAAANGCCFCAA,1950,12
2455794,AAAAAAAACPIHFCAA,2011,8
2457332,AAAAAAAAEPOHFCAA,2015,11
2483994,AAAAAAAAKBHOFCAA,2088,11
2422700,AAAAAAAAMKHPECAA,1921,1
2480666,AAAAAAAAKBKNFCAA,2079,9
2421607,AAAAAAAAHGDPECAA,1918,1
2419347,AAAAAAAADJKOECAA,1911,11
2430764,AAAAAAAAMCHBFCAA,1943,2
2450260,AAAAAAAAEFDGFCAA,1996,6
2471363,AAAAAAAADMFLFCAA,2054,4
2427333,AAAAAAAAFMJAFCAA,1933,9
2433651,AAAAAAAADHCCFCAA,1951,1
2432500,AAAAAAAAEPNBFCAA,1947,11
2432891,AAAAAAAALHPBFCAA,1948,12
2450648,AAAAAAAAINEGFCAA,1997,7
2477001,AAAAAAAAJMLMFCAA,2069,9
2456016,AAAAAAAAANJHFCAA,2012,3
2479509,AAAAAAAAFJFNFCAA,2076,7
2452474,AAAAAAAAKPLGFCAA,2002,7
2439932,AAAAAAAAMPKDFCAA,1968,3
2450841,AAAAAAAAJJFGFCAA,1998,1
2426735,AAAAAAAAPGHAFCAA,1932,1
2441099,AAAAAAAALIPDFCAA,1971,5
2429774,AAAAAAAAOEDBFCAA,1940,5
2456334,AAAAAAAAOALHFCAA,2013,2
2480787,AAAAAAAADJKNFCAA,2080,1
2459281,AAAAAAAABJGIFCAA,2021,3
2449366,AAAAAAAAGNPFFCAA,1994,1
2443794,AAAAAAAACBKEFCAA,1978,10
2442316,AAAAAAAAMEEEFCAA,1974,9
2474979,AAAAAAAADODMFCAA,2064,2
2477155,AAAAAAAADGMMFCAA,2070,2
2424105,AAAAAAAAJCNPECAA,1924,11
2415289,AAAAAAAAJLKNECAA,1900,9
2468272,AAAAAAAAALJKFCAA,2045,10
2431358,AAAAAAAAOHJBFCAA,1944,9
2416394,AAAAAAAAKAPNECAA,1903,10
2454619,AAAAAAAALFEHFCAA,2008,6
2443258,AAAAAAAAKPHEFCAA,1977,4
2487139,AAAAAAAADGDPFCAA,2097,6
2442909,AAAAAAAANJGEFCAA,1976,5
2417321,AAAAAAAAJKCOECAA,1906,4
2441772,AAAAAAAAMCCEFCAA,1973,3
2464650,AAAAAAAAKILJFCAA,2035,11
2418747,AAAAAAAALDIOECAA,1910,3
2458671,AAAAAAAAPCEIFCAA,2019,7
2445163,AAAAAAAALGPEFCAA,1982,7
2470491,AAAAAAAALFCLFCAA,2051,11
2486293,AAAAAAAAFBAPFCAA,2095,2
2457216,AAAAAAAAAIOHFCAA,2015,7
2419867,AAAAAAAALJMOECAA,1913,4
2462540,AAAAAAAAMEDJFCAA,2030,2
2463762,AAAAAAAACBIJFCAA,2033,6
2439412,AAAAAAAAEPIDFCAA,1966,10
2432795,AAAAAAAALBPBFCAA,1948,8
2420381,AAAAAAAANJOOECAA,1914,9
2476787,AAAAAAAADPKMFCAA,2069,2
2427641,AAAAAAAAJPKAFCAA,1934,7
2469555,AAAAAAAADLOKFCAA,2049,4
2453017,AAAAAAAAJBOGFCAA,2004,1
2476246,AAAAAAAAGNIMFCAA,2067,8
2437520,AAAAAAAAAJBDFCAA,1961,8
2483910,AAAAAAAAGMGOFCAA,2088,8
2461694,AAAAAAAAOPPIFCAA,2027,10
2461840,AAAAAAAAAJAJFCAA,2028,3
2415742,AAAAAAAAOHMNECAA,1901,12
2433051,AAAAAAAALBACFCAA,1949,5
2421897,AAAAAAAAJIEPECAA,1918,10
2417701,AAAAAAAAFCEOECAA,1907,5
2415971,AAAAAAAADGNNECAA,1902,8
2425549,AAAAAAAANMCAFCAA,1928,10
2468361,AAAAAAAAJAKKFCAA,2046,1
2480678,AAAAAAAAGCKNFCAA,2079,10
2446377,AAAAAAAAJCEFFCAA,1985,11
2455590,AAAAAAAAGCIHFCAA,2011,1
2455389,AAAAAAAANFHHFCAA,2010,7
2458157,AAAAAAAANCCIFCAA,2018,2
2480716,AAAAAAAAMEKNFCAA,2079,11
2464232,AAAAAAAAIOJJFCAA,2034,9
2476038,AAAAAAAAGAIMFCAA,2067,1
2480449,AAAAAAAABEJNFCAA,2079,2
2442669,AAAAAAAANKFEFCAA,1975,9
2452183,AAAAAAAAHNKGFCAA,2001,9
2450349,AAAAAAAANKDGFCAA,1996,9
2433976,AAAAAAAAILDCFCAA,1951,11
2429141,AAAAAAAAFNABFCAA,1938,8
2443221,AAAAAAAAFNHEFCAA,1977,3
2449277,AAAAAAAANHPFFCAA,1993,10
2426776,AAAAAAAAIJHAFCAA,1932,3
2427713,AAAAAAAABELAFCAA,1934,10
2465822,AAAAAAAAOBAKFCAA,2039,2
2419474,AAAAAAAACBLOECAA,1912,3
2484010,AAAAAAAAKCHOFCAA,2088,11
2461447,AAAAAAAAHAPIFCAA,2027,2
2437406,AAAAAAAAOBBDFCAA,1961,4
2423956,AAAAAAAAEJMPECAA,1924,6
2455213,AAAAAAAANKGHFCAA,2010,1
2422423,AAAAAAAAHJGPECAA,1920,4
2439397,AAAAAAAAFOIDFCAA,1966,9
2429904,AAAAAAAAANDBFCAA,1940,10
2480575,AAAAAAAAPLJNFCAA,2079,6
2427931,AAAAAAAALBMAFCAA,1935,5
2474809,AAAAAAAAJDDMFCAA,2063,9
2461491,AAAAAAAADDPIFCAA,2027,3
2470287,AAAAAAAAPIBLFCAA,2051,4
2434056,AAAAAAAAIAECFCAA,1952,2
2477701,AAAAAAAAFIOMFCAA,2071,8
2421943,AAAAAAAAHLEPECAA,1918,12
2424353,AAAAAAAABCOPECAA,1925,7
2442243,AAAAAAAADAEEFCAA,1974,7
2486686,AAAAAAAAOJBPFCAA,2096,3
2483480,AAAAAAAAIBFOFCAA,2087,6
2427615,AAAAAAAAPNKAFCAA,1934,6
2456991,AAAAAAAAPJNHFCAA,2014,11
2462496,AAAAAAAAACDJFCAA,2029,12
2434642,AAAAAAAACFGCFCAA,1953,9
2468642,AAAAAAAACCLKFCAA,2046,10
2443486,AAAAAAAAONIEFCAA,1977,12
2467963,AAAAAAAALHIKFCAA,2044,12
2450886,AAAAAAAAGMFGFCAA,1998,3
2438480,AAAAAAAAAFFDFCAA,1964,3
2426074,AAAAAAAAKNEAFCAA,1930,4
2417578,AAAAAAAAKKDOECAA,1907,1
2454080,AAAAAAAAAECHFCAA,2006,12
2481450,AAAAAAAAKCNNFCAA,2081,11
2485493,AAAAAAAAFPMOFCAA,2092,12
2476370,AAAAAAAACFJMFCAA,2067,12
2422300,AAAAAAAAMBGPECAA,1919,12
2438795,AAAAAAAALIGDFCAA,1965,2
2426783,AAAAAAAAPJHAFCAA,1932,3
2420274,AAAAAAAACDOOECAA,1914,5
2472985,AAAAAAAAJBMLFCAA,2058,9
2434641,AAAAAAAABFGCFCAA,1953,9
2476421,AAAAAAAAFIJMFCAA,2068,2
2445206,AAAAAAAAGJPEFCAA,1982,8
2416112,AAAAAAAAAPNNECAA,1902,12
2448472,AAAAAAAAIFMFFCAA,1991,8
2466888,AAAAAAAAIEEKFCAA,2042,1
2456400,AAAAAAAAAFLHFCAA,2013,4
2461761,AAAAAAAABEAJFCAA,2027,12
2419497,AAAAAAAAJCLOECAA,1912,4
2435986,AAAAAAAACJLCFCAA,1957,5
2481378,AAAAAAAACOMNFCAA,2081,9
2430291,AAAAAAAADFFBFCAA,1941,10
2483566,AAAAAAAAOGFOFCAA,2087,9
2473334,AAAAAAAAGHNLFCAA,2059,8
2442580,AAAAAAAAEFFEFCAA,1975,6
2427597,AAAAAAAANMKAFCAA,1934,6
2440548,AAAAAAAAEGNDFCAA,1969,11
2435765,AAAAAAAAFLKCFCAA,1956,10
2430731,AAAAAAAALAHBFCAA,1943,1
2456094,AAAAAAAAOBKHFCAA,2012,6
2433819,AAAAAAAALBDCFCAA,1951,6
2456396,AAAAAAAAMELHFCAA,2013,4
2487290,AAAAAAAAKPDPFCAA,2097,11
2428745,AAAAAAAAJEPAFCAA,1937,7
2455764,AAAAAAAAENIHFCAA,2011,7
2427530,AAAAAAAAKIKAFCAA,1934,4
2466510,AAAAAAAAOMCKFCAA,2040,12
2481095,AAAAAAAAHMLNFCAA,2080,11
2464566,AAAAAAAAGDLJFCAA,2035,8
2456013,AAAAAAAANMJHFCAA,2012,3
2438159,AAAAAAAAPAEDFCAA,1963,5
2433017,AAAAAAAAJPPBFCAA,1949,4
2473526,AAAAAAAAGDOLFCAA,2060,3
2464645,AAAAAAAAFILJFCAA,2035,11
2456387,AAAAAAAADELHFCAA,2013,4
2465378,AAAAAAAACGOJFCAA,2037,11
2472895,AAAAAAAAPLLLFCAA,2058,6
2478291,AAAAAAAADNANFCAA,2073,3
2482385,AAAAAAAABNAOFCAA,2084,6
2456892,AAAAAAAAMDNHFCAA,2014,8
2466583,AAAAAAAAHBDKFCAA,2041,3
2416605,AAAAAAAANNPNECAA,1904,5
2437956,AAAAAAAAEEDDFCAA,1962,10
2473604,AAAAAAAAEIOLFCAA,2060,5
2481382,AAAAAAAAGOMNFCAA,2081,9
2472399,AAAAAAAAPMJLFCAA,2057,2
2451481,AAAAAAAAJBIGFCAA,1999,10
2474542,AAAAAAAAOCCMFCAA,2062,12
2433676,AAAAAAAAMICCFCAA,1951,1
2439238,AAAAAAAAGEIDFCAA,1966,4
2415674,AAAAAAAAKDMNECAA,1901,10
2424177,AAAAAAAABHNPECAA,1925,1
2455417,AAAAAAAAJHHHFCAA,2010,8
2472713,AAAAAAAAJALLFCAA,2057,12
2416625,AAAAAAAABPPNECAA,1904,5
2422307,AAAAAAAADCGPECAA,1919,12
2474638,AAAAAAAAOICMFCAA,2063,3
2476911,AAAAAAAAPGLMFCAA,2069,6
2481742,AAAAAAAAOEONFCAA,2082,9
2455964,AAAAAAAAMJJHFCAA,2012,2
2430055,AAAAAAAAHGEBFCAA,1941,3
2485870,AAAAAAAAOGOOFCAA,2093,12
2479123,AAAAAAAADBENFCAA,2075,7
2486245,AAAAAAAAFOPOFCAA,2095,1
2473558,AAAAAAAAGFOLFCAA,2060,4
2469478,AAAAAAAAGGOKFCAA,2049,2
2441629,AAAAAAAANJBEFCAA,1972,11
2435360,AAAAAAAAACJCFCAA,1955,9
2426015,AAAAAAAAPJEAFCAA,1930,2
2441862,AAAAAAAAGICEFCAA,1973,6
2431703,AAAAAAAAHNKBFCAA,1945,9
2479883,AAAAAAAALAHNFCAA,2077,8
2429851,AAAAAAAALJDBFCAA,1940,8
2487561,AAAAAAAAJAFPFCAA,2098,8
2425592,AAAAAAAAIPCAFCAA,1928,12
2436277,AAAAAAAAFLMCFCAA,1958,3
2424826,AAAAAAAAKPPPECAA,1926,11
2472784,AAAAAAAAAFLLFCAA,2058,2
2484500,AAAAAAAAEBJOFCAA,2090,3
2453483,AAAAAAAALOPGFCAA,2005,4
2485097,AAAAAAAAJGLOFCAA,2091,11
2450856,AAAAAAAAIKFGFCAA,1998,2
2442058,AAAAAAAAKEDEFCAA,1974,1
2479676,AAAAAAAAMDGNFCAA,2077,1
2475688,AAAAAAAAIKGMFCAA,2066,2
2465212,AAAAAAAAMLNJFCAA,2037,6
2423040,AAAAAAAAAAJPECAA,1921,12
2475572,AAAAAAAAEDGMFCAA,2065,10
2469308,AAAAAAAAMLNKFCAA,2048,8
2440789,AAAAAAAAFFODFCAA,1970,7
2432605,AAAAAAAANFOBFCAA,1948,2
2432225,AAAAAAAABOMBFCAA,1947,2
2464618,AAAAAAAAKGLJFCAA,2035,10
2429358,AAAAAAAAOKBBFCAA,1939,4
2419315,AAAAAAAADHKOECAA,1911,10
2469736,AAAAAAAAIGPKFCAA,2049,10
2419635,AAAAAAAADLLOECAA,1912,8
2442544,AAAAAAAAADFEFCAA,1975,5
2449907,AAAAAAAADPBGFCAA,1995,7
2420882,AAAAAAAACJAPECAA,1916,1
2471226,AAAAAAAAKDFLFCAA,2053,11
2469568,AAAAAAAAAMOKFCAA,2049,5
2451540,AAAAAAAAEFIGFCAA,1999,12
2430313,AAAAAAAAJGFBFCAA,1941,11
2462561,AAAAAAAABGDJFCAA,2030,2
2426328,AAAAAAAAINFAFCAA,1930,12
2453690,AAAAAAAAKLAHFCAA,2005,11
2458544,AAAAAAAAALDIFCAA,2019,3
2428976,AAAAAAAAADABFCAA,1938,3
