s_store_sk,s_store_id,s_number_employees,s_floor_space,s_state
118,AAAAAAAAGHAAAAAA,220.0,5092647.0,NM
20,AAAAAAAAEBAAAAAA,280.0,7920963.0,CT
83,AAAAAAAACFAAAAAA,292.0,7208639.0,TX
98,AAAAAAAACGAAAAAA,206.0,7896358.0,TX
57,AAAAAAAAIDAAAAAA,267.0,7922842.0,CO
13,AAAAAAAANAAAAAAA,215.0,8333458.0,NM
133,AAAAAAAAFIAAAAAA,224.0,5765872.0,PA
66,AAAAAAAAAEAAAAAA,270.0,5805951.0,NE
67,AAAAAAAADEAAAAAA,254.0,7290197.0,VA
19,AAAAAAAADBAAAAAA,232.0,8878449.0,NE
52,AAAAAAAAEDAAAAAA,272.0,5775558.0,NE
79,AAAAAAAAPEAAAAAA,218.0,6505227.0,KY
95,AAAAAAAAOFAAAAAA,299.0,8877617.0,GA
134,AAAAAAAAGIAAAAAA,224.0,7881054.0,KS
101,AAAAAAAAEGAAAAAA,218.0,8986322.0,NE
65,AAAAAAAAAEAAAAAA,227.0,9564198.0,MN
28,AAAAAAAAMBAAAAAA,206.0,5034295.0,VA
70,AAAAAAAAGEAAAAAA,211.0,8805101.0,NC
126,AAAAAAAAMHAAAAAA,248.0,9299509.0,IL
74,AAAAAAAAKEAAAAAA,282.0,7250833.0,WI
12,AAAAAAAAKAAAAAAA,274.0,8727200.0,MT
120,AAAAAAAAGHAAAAAA,220.0,5092647.0,WI
111,AAAAAAAAOGAAAAAA,279.0,7187411.0,TX
114,AAAAAAAAAHAAAAAA,216.0,5385561.0,SD
56,AAAAAAAAIDAAAAAA,295.0,9220262.0,MT
46,AAAAAAAAOCAAAAAA,230.0,9069109.0,SC
10,AAAAAAAAKAAAAAAA,274.0,6952444.0,NE
5,AAAAAAAAEAAAAAAA,267.0,8636407.0,OH
27,AAAAAAAAKBAAAAAA,292.0,7067614.0,KY
125,AAAAAAAAMHAAAAAA,267.0,6307173.0,NE
32,AAAAAAAAACAAAAAA,293.0,5459935.0,NM
99,AAAAAAAACGAAAAAA,272.0,7896358.0,MI
37,AAAAAAAAFCAAAAAA,279.0,5598932.0,KS
17,AAAAAAAAABAAAAAA,220.0,8866529.0,SC
11,AAAAAAAAKAAAAAAA,274.0,6952444.0,CO
94,AAAAAAAAOFAAAAAA,268.0,7960624.0,GA
112,AAAAAAAAAHAAAAAA,260.0,7988462.0,FL
43,AAAAAAAALCAAAAAA,260.0,9223845.0,KY
119,AAAAAAAAGHAAAAAA,220.0,5092647.0,AK
128,AAAAAAAAAIAAAAAA,258.0,7165636.0,GA
97,AAAAAAAABGAAAAAA,272.0,5796897.0,IN
61,AAAAAAAANDAAAAAA,266.0,7495378.0,IN
1,AAAAAAAABAAAAAAA,266.0,7447677.0,TX
85,AAAAAAAAFFAAAAAA,271.0,9488451.0,PA
29,AAAAAAAAMBAAAAAA,224.0,8907205.0,NC
41,AAAAAAAAICAAAAAA,206.0,5945724.0,GA
87,AAAAAAAAGFAAAAAA,271.0,5879906.0,MS
25,AAAAAAAAJBAAAAAA,267.0,5890297.0,NJ
26,AAAAAAAAKBAAAAAA,,,TX
24,AAAAAAAAGBAAAAAA,227.0,6407478.0,WI
116,AAAAAAAAEHAAAAAA,205.0,9684949.0,MN
68,AAAAAAAAEEAAAAAA,213.0,8264852.0,VA
45,AAAAAAAAMCAAAAAA,212.0,5713488.0,WI
16,AAAAAAAAABAAAAAA,220.0,8866529.0,IL
96,AAAAAAAAOFAAAAAA,299.0,8877617.0,NE
40,AAAAAAAAICAAAAAA,206.0,6854391.0,NM
23,AAAAAAAAGBAAAAAA,296.0,6390018.0,TN
69,AAAAAAAAEEAAAAAA,294.0,9643122.0,VA
81,AAAAAAAAAFAAAAAA,272.0,6420423.0,VA
141,AAAAAAAAMIAAAAAA,221.0,6571603.0,NE
48,AAAAAAAAOCAAAAAA,200.0,5875585.0,KY
31,AAAAAAAAPBAAAAAA,203.0,8021403.0,NY
113,AAAAAAAAAHAAAAAA,216.0,7988462.0,CA
77,AAAAAAAAMEAAAAAA,228.0,8335291.0,SD
138,AAAAAAAAIIAAAAAA,,8272965.0,CO
34,AAAAAAAACCAAAAAA,275.0,8768804.0,KY
82,AAAAAAAACFAAAAAA,292.0,8555918.0,MN
143,AAAAAAAAOIAAAAAA,242.0,5668584.0,MI
63,AAAAAAAAODAAAAAA,250.0,7173521.0,MI
140,AAAAAAAAMIAAAAAA,221.0,7195937.0,CA
136,AAAAAAAAIIAAAAAA,267.0,8126152.0,GA
54,AAAAAAAAEDAAAAAA,274.0,7871376.0,IN
6,AAAAAAAAEAAAAAAA,218.0,8868738.0,TX
86,AAAAAAAAGFAAAAAA,271.0,7311263.0,MO
110,AAAAAAAAOGAAAAAA,219.0,5369983.0,OR
50,AAAAAAAACDAAAAAA,224.0,9637009.0,CA
36,AAAAAAAACCAAAAAA,265.0,9568266.0,NC
78,AAAAAAAAMEAAAAAA,228.0,8335291.0,GA
35,AAAAAAAACCAAAAAA,275.0,5237441.0,GA
132,AAAAAAAACIAAAAAA,266.0,7807734.0,OK
8,AAAAAAAAIAAAAAAA,207.0,9588149.0,AK
44,AAAAAAAAMCAAAAAA,268.0,9980575.0,IL
71,AAAAAAAAGEAAAAAA,211.0,8805101.0,SD
90,AAAAAAAAIFAAAAAA,237.0,7774796.0,TX
84,AAAAAAAACFAAAAAA,292.0,8878027.0,VA
124,AAAAAAAAMHAAAAAA,271.0,9320466.0,IL
130,AAAAAAAACIAAAAAA,266.0,7807734.0,MT
9,AAAAAAAAIAAAAAAA,210.0,9588149.0,UT
14,AAAAAAAAOAAAAAAA,267.0,9281737.0,WI
109,AAAAAAAANGAAAAAA,230.0,5406707.0,IN
115,AAAAAAAADHAAAAAA,276.0,9126017.0,OR
4,AAAAAAAAEAAAAAAA,211.0,7082485.0,VA
18,AAAAAAAAABAAAAAA,228.0,9956650.0,AL
39,AAAAAAAAGCAAAAAA,270.0,7736786.0,AL
73,AAAAAAAAJEAAAAAA,267.0,7108352.0,IL
121,AAAAAAAAJHAAAAAA,224.0,9841468.0,GA
7,AAAAAAAAHAAAAAAA,204.0,5294776.0,NC
102,AAAAAAAAEGAAAAAA,218.0,7250696.0,NM
3,AAAAAAAACAAAAAAA,249.0,8187125.0,IN
123,AAAAAAAAKHAAAAAA,225.0,9039611.0,IN
55,AAAAAAAAHDAAAAAA,254.0,7508179.0,UT
51,AAAAAAAACDAAAAAA,214.0,7970100.0,NE
105,AAAAAAAAIGAAAAAA,200.0,8306607.0,OH
47,AAAAAAAAOCAAAAAA,200.0,6306019.0,NE
106,AAAAAAAAKGAAAAAA,270.0,7969149.0,NY
62,AAAAAAAAODAAAAAA,250.0,7173521.0,TX
142,AAAAAAAAOIAAAAAA,242.0,7072209.0,MI
80,AAAAAAAAAFAAAAAA,272.0,7870223.0,OK
137,AAAAAAAAIIAAAAAA,267.0,5267632.0,MN
92,AAAAAAAAMFAAAAAA,285.0,6178126.0,LA
42,AAAAAAAAICAAAAAA,219.0,9175840.0,WA
59,AAAAAAAAKDAAAAAA,213.0,9784504.0,MN
91,AAAAAAAALFAAAAAA,220.0,9631647.0,GA
49,AAAAAAAABDAAAAAA,224.0,5797718.0,WV
89,AAAAAAAAIFAAAAAA,237.0,7774796.0,GA
127,AAAAAAAAPHAAAAAA,278.0,8251401.0,KY
22,AAAAAAAAGBAAAAAA,266.0,6390018.0,OH
58,AAAAAAAAKDAAAAAA,274.0,6360639.0,NY
76,AAAAAAAAMEAAAAAA,228.0,8294073.0,IN
33,AAAAAAAAACAAAAAA,206.0,7379655.0,NY
139,AAAAAAAALIAAAAAA,212.0,9169976.0,MD
60,AAAAAAAAKDAAAAAA,223.0,9784504.0,OR
64,AAAAAAAAAEAAAAAA,227.0,5775399.0,GA
129,AAAAAAAAAIAAAAAA,258.0,5944892.0,GA
38,AAAAAAAAGCAAAAAA,267.0,7736786.0,OH
30,AAAAAAAAMBAAAAAA,224.0,7933257.0,MT
108,AAAAAAAAKGAAAAAA,249.0,7969149.0,WI
135,AAAAAAAAGIAAAAAA,224.0,7881054.0,VA
2,AAAAAAAACAAAAAAA,249.0,8860176.0,MD
53,AAAAAAAAEDAAAAAA,272.0,5775558.0,CT
131,AAAAAAAACIAAAAAA,266.0,7807734.0,UT
104,AAAAAAAAIGAAAAAA,228.0,8306607.0,KY
100,AAAAAAAAEGAAAAAA,229.0,7994074.0,CA
117,AAAAAAAAEHAAAAAA,205.0,8561414.0,WA
88,AAAAAAAAIFAAAAAA,237.0,7087204.0,GA
75,AAAAAAAAKEAAAAAA,212.0,7250833.0,IL
122,AAAAAAAAKHAAAAAA,256.0,9039611.0,MT
144,AAAAAAAAOIAAAAAA,242.0,5668584.0,SD
21,AAAAAAAAEBAAAAAA,280.0,8837338.0,GA
72,AAAAAAAAGEAAAAAA,211.0,6209284.0,NM
107,AAAAAAAAKGAAAAAA,249.0,7969149.0,VA
15,AAAAAAAAOAAAAAAA,267.0,9281737.0,IL
93,AAAAAAAAMFAAAAAA,201.0,6178126.0,OH
103,AAAAAAAAHGAAAAAA,258.0,7034171.0,ID
